date,pm25
12/1/2014,13.40848006
12/2/2014,11.22313065
12/3/2014,7.4019405
12/4/2014,7.137470616
8/5/2014,55.39466448
9/5/2014,44.61814522
10/5/2014,169.7075145
11/5/2014,35.86225831
12/5/2014,66.98886338
13/5/2014,27.76864032
14/5/2014,60.53563904
15/5/2014,23.83771689
18/5/2014,8.542254098
19/5/2014,7.700928482
20/5/2014,24.92197031
21/5/2014,14.76783073
22/5/2014,32.31202749
23/5/2014,4.398914729
25/5/2014,16.25969444
26/5/2014,29.35359907
27/5/2014,33.50968778
28/5/2014,8.521852315
29/5/2014,16.23453631
30/5/2014,23.34640912
31/5/2014,16.46026561
1/6/2014,15.05670455
2/6/2014,15.74264526
3/6/2014,25.30212605
4/6/2014,18.89971284
5/6/2014,10.63793189
9/6/2014,12.46084656
10/6/2014,12.52142982
11/6/2014,15.96388021
12/6/2014,10.52195599
13/6/2014,15.61206738
14/6/2014,21.31095841
15/6/2014,18.99978702
16/6/2014,27.54711111
17/6/2014,37.84468037
18/6/2014,30.58969334
19/6/2014,42.59082027
20/6/2014,37.62930303
21/6/2014,43.3317304
22/6/2014,27.87628849
23/6/2014,22.14091483
24/6/2014,16.23801227
25/6/2014,33.11125835
26/6/2014,43.78397688
27/6/2014,24.60498343
28/6/2014,19.07424612
29/6/2014,8.150616943
30/6/2014,5.725073788
1/7/2014,3.002158273
2/7/2014,8.254684932
3/7/2014,8.996083762
4/7/2014,8.647165932
5/7/2014,6.223618352
6/7/2014,9.382291667
7/7/2014,8.182274619
8/7/2014,10.64060755
9/7/2014,8.434916084
10/7/2014,10.1378169
12/7/2014,8.311559343
13/7/2014,13.52449244
14/7/2014,30.43236111
15/7/2014,26.61294486
16/7/2014,12.29919444
17/7/2014,7.14568741
18/7/2014,10.32606944
20/7/2014,23.16460733
21/7/2014,34.22572409
22/7/2014,40.92213182
23/7/2014,31.85259206
24/7/2014,37.28722702
25/7/2014,19.86225
26/7/2014,23.44550714
27/7/2014,48.49225406
28/7/2014,75.98481752
30/7/2014,13.82666667
31/7/2014,11.025
3/8/2014,14.05551402
4/8/2014,16.54287193
5/8/2014,15.68012012
6/8/2014,9.35280716
7/8/2014,12.32404167
8/8/2014,7.836633127
9/8/2014,8.572782051
10/8/2014,16.12360544
11/8/2014,13.20478827
12/8/2014,8.37347864
13/8/2014,6.208673913
14/8/2014,3.816754508
15/8/2014,5.435205966
16/8/2014,6.937388342
17/8/2014,9.813864985
18/8/2014,7.976052345
19/8/2014,8.131230366
20/8/2014,6.882402778
21/8/2014,9.62165404
22/8/2014,19.08745846
23/8/2014,15.59737117
24/8/2014,20.28117703
25/8/2014,9.438647107
26/8/2014,4.100131579
27/8/2014,6.3694315
28/8/2014,11.55015953
29/8/2014,14.02114286
1/9/2014,12.262
3/9/2014,9.98992126
7/9/2014,7.693494282
8/9/2014,6.909333333
9/9/2014,8.517374552
10/9/2014,6.169748172
11/9/2014,7.894856301
12/9/2014,7.851306865
13/9/2014,9.883654559
14/9/2014,10.94406371
15/9/2014,13.43173228
16/9/2014,9.329432535
17/9/2014,14.9863861
18/9/2014,23.44905159
19/9/2014,41.38629843
20/9/2014,25.00821459
21/9/2014,5.880076142
22/9/2014,17.68495743
23/9/2014,19.33657923
24/9/2014,19.00235772
27/9/2014,7.074920635
28/9/2014,8.650217114
29/9/2014,14.90565182
30/9/2014,13.67769285
1/10/2014,15.33398764
2/10/2014,15.66119099
3/10/2014,11.96109158
4/10/2014,9.400364109
5/10/2014,3.946684588
6/10/2014,4.786058952
7/10/2014,6.745844636
12/10/2014,8.595671378
13/10/2014,7.085321821
14/10/2014,9.143990654
15/10/2014,13.45998214
16/10/2014,7.709447853
17/10/2014,7.137222222
18/10/2014,5.110877437
19/10/2014,6.306895388
20/10/2014,14.39349645
21/10/2014,16.73917942
22/10/2014,13.1868128
23/10/2014,12.95315278
24/10/2014,3.75382996
25/10/2014,5.616296992
26/10/2014,10.90987903
27/10/2014,13.46666303
28/10/2014,13.54148629
29/10/2014,5.794412771
30/10/2014,9.9234181
31/10/2014,12.31155405
1/11/2014,3.63374269
2/11/2014,2.480212089
3/11/2014,7.823906856
4/11/2014,25.05289009
5/11/2014,16.48354082
6/11/2014,6.363463983
7/11/2014,4.138201811
8/11/2014,2.737905405
9/11/2014,2.71923777
10/11/2014,8.496946625
11/11/2014,11.124624
12/11/2014,13.28876566
13/11/2014,3.136
14/11/2014,5.634566929
16/11/2014,4.544306306
17/11/2014,3.429027778
18/11/2014,5.673791667
19/11/2014,5.727809452
20/11/2014,4.302158761
21/11/2014,6.059736842
22/11/2014,5.948992248
23/11/2014,3.113072349
24/11/2014,4.325528517
25/11/2014,6.565022989
26/11/2014,8.875297114
27/11/2014,15.84423077
28/11/2014,10.67061111
29/11/2014,7.925694444
30/11/2014,18.75263889
12/12/2014,15.76252096
13/12/2014,13.13089652
14/12/2014,4.790761636
15/12/2014,1.607209528
16/12/2014,6.731992586
17/12/2014,6.202236169
18/12/2014,5.74330697
19/12/2014,7.896173143
20/12/2014,3.240260078
21/12/2014,3.508933718
22/12/2014,4.58718127
23/12/2014,7.415926641
24/12/2014,4.856715614
25/12/2014,4.128296245
26/12/2014,4.104919225
27/12/2014,2.335758718
28/12/2014,4.44
29/12/2014,5.516371814
30/12/2014,4.120614525
31/12/2014,13.67331389
1/1/2015,18.83785408
2/1/2015,8.071730475
3/1/2015,7.529461883
4/1/2015,14.5243833
5/1/2015,3.74365113
13/1/2015,6.392666174
14/1/2015,4.3728684
15/1/2015,9.08393489
16/1/2015,21.77075812
17/1/2015,20.74534218
18/1/2015,11.66454899
19/1/2015,10.06582639
20/1/2015,14.4596993
21/1/2015,15.69555556
22/1/2015,23.10214495
23/1/2015,16.52542334
24/1/2015,18.25381999
25/1/2015,23.029281
26/1/2015,17.04768095
27/1/2015,20.57901216
28/1/2015,9.375546647
29/1/2015,7.016264151
30/1/2015,11.7658302
31/1/2015,8.86548433
2/2/2015,5.31671721
3/2/2015,15.35513453
4/2/2015,5.16666242
5/2/2015,8.896891892
13/2/2015,14.10260627
14/2/2015,13.00435327
15/2/2015,9.040075019
16/2/2015,8.33840379
17/2/2015,8.15265015
18/2/2015,8.049666425
19/2/2015,8.998363229
20/2/2015,7.434651361
21/2/2015,11.30876147
22/2/2015,6.211697248
23/2/2015,17.90532477
24/2/2015,13.83314332
25/2/2015,8.816588818
26/2/2015,10.37330532
27/2/2015,6.808257098
28/2/2015,6.381222741
2/3/2015,6.279484012
3/3/2015,8.669016266
4/3/2015,14.38998553
5/3/2015,8.35073736
13/3/2015,10.32097425
14/3/2015,11.64044444
15/3/2015,13.40192905
16/3/2015,28.65357606
17/3/2015,22.62916551
18/3/2015,23.02841463
23/3/2015,5.976336634
24/3/2015,35.60698353
25/3/2015,15.21589943
26/3/2015,18.181918
27/3/2015,6.41525
28/3/2015,6.894416667
29/3/2015,9.634251799
30/3/2015,8.844387684
31/3/2015,12.094171
2/4/2015,4.792416251
3/4/2015,16.86442565
4/4/2015,14.67041458
5/4/2015,10.98887334
13/4/2015,36.01772526
14/4/2015,16.57446441
15/4/2015,6.135310651
16/4/2015,10.77964873
17/4/2015,6.872537092
18/4/2015,10.62243478
19/4/2015,46.14751868
21/4/2015,206.6585848
22/4/2015,28.08084203
23/4/2015,23.37853246
26/4/2015,3.480361882
27/4/2015,5.377456324
28/4/2015,4.410149573
29/4/2015,4.865220217
30/4/2015,9.362310954
1/5/2015,9.100914352
2/5/2015,8.904018476
3/5/2015,14.78184414
4/5/2015,18.17704133
5/5/2015,18.09957584
1/6/2015,7.989793447
2/6/2015,7.19384273
3/6/2015,16.51669505
4/6/2015,25.41072516
5/6/2015,21.43940623
1/7/2015,7.214845516
2/7/2015,7.675250187
3/7/2015,15.09100291
4/7/2015,15.2292408
5/7/2015,47.74014409
1/8/2015,5.78674586
2/8/2015,10.18695035
3/8/2015,4.654544792
4/8/2015,22.16783878
5/8/2015,28.11349624
1/9/2015,8.139719143
2/9/2015,8.547274725
3/9/2015,4.088741722
4/9/2015,8.556083214
5/9/2015,23.60969208
1/10/2015,5.25835
2/10/2015,12.82504637
3/10/2015,7.686844023
4/10/2015,19.19837087
5/10/2015,23.92275474
1/11/2015,7.576651917
2/11/2015,19.16456352
3/11/2015,3.423532684
4/11/2015,25.51835866
5/11/2015,14.85690858
1/12/2015,9.33535489
2/12/2015,20.73584078
3/12/2015,8.043299857
4/12/2015,38.06371088
4/7/2017,1.883793103
5/7/2017,2.474120805
6/7/2017,2.981036036
7/7/2017,3.792052933
8/7/2017,3.182483848
9/7/2017,2.72280402
10/7/2017,4.246114709
11/7/2017,3.718263889
12/7/2017,2.531472135
13/7/2017,1.865316552
14/7/2017,1.719180556
15/7/2017,3.355539739
16/7/2017,4.706501437
17/7/2017,8.342771536
18/7/2017,6.21684492
19/7/2017,8.883490364
20/7/2017,6.5406698
21/7/2017,4.178277778
22/7/2017,10.37849879
23/7/2017,6.228119266
24/7/2017,6.392794118
25/7/2017,4.601655076
26/7/2017,4.179233754
27/7/2017,8.410371622
28/7/2017,9.900440771
29/7/2017,7.845346756
30/7/2017,2.303656025
31/7/2017,3.419086229
1/8/2017,2.982267116
2/8/2017,2.900826727
3/8/2017,3.746905767
4/8/2017,4.606232558
5/8/2017,4.726729412
6/8/2017,3.64273511
7/8/2017,2.215667047
8/8/2017,2.697803701
9/8/2017,4.263366619
10/8/2017,2.224729459
11/8/2017,2.698665966
12/8/2017,1.597496148
13/8/2017,1.520694127
14/8/2017,1.624051988
15/8/2017,1.593153639
16/8/2017,1.185277778
17/8/2017,1.123537946
18/8/2017,4.333061441
20/8/2017,5.214900181
21/8/2017,3.579388889
22/8/2017,2.743522618
23/8/2017,3.08016129
24/8/2017,3.073443114
25/8/2017,4.287111111
26/8/2017,3.437471358
27/8/2017,1.611525659
28/8/2017,3.894581976
29/8/2017,2.118874657
30/8/2017,2.473258897
31/8/2017,4.512099359
1/9/2017,3.592708628
2/9/2017,2.916460306
3/9/2017,4.467678959
4/9/2017,3.384483486
5/9/2017,5.734730216
6/9/2017,3.576041276
7/9/2017,2.908875
8/9/2017,3.739416667
9/9/2017,4.275510771
10/9/2017,3.459820014
11/9/2017,1.229388201
12/9/2017,1.427336579
13/9/2017,3.145902778
14/9/2017,2.053361111
15/9/2017,1.260979167
16/9/2017,1.095243056
17/9/2017,2.770653686
18/9/2017,2.465194715
19/9/2017,1.85370226
20/9/2017,2.218583333
21/9/2017,3.122787921
22/9/2017,1.814061196
23/9/2017,2.208909722
24/9/2017,2.991965157
25/9/2017,3.559131944
26/9/2017,3.487388889
27/9/2017,1.758826389
28/9/2017,2.676590278
29/9/2017,1.095701389
30/9/2017,1.048777778
1/10/2017,0.981640028
2/10/2017,2.348847858
3/10/2017,1.652749141
4/10/2017,2.030263889
5/10/2017,2.853734353
6/10/2017,2.634555556
7/10/2017,5.202236111
8/10/2017,3.420097629
9/10/2017,2.508659722
10/10/2017,0.897436333
11/10/2017,0.8869
12/10/2017,2.109222222
13/10/2017,1.072945906
14/10/2017,2.028388889
15/10/2017,3.048261173
16/10/2017,2.653854908
17/10/2017,3.345688456
18/10/2017,4.724791667
19/10/2017,5.924805556
20/10/2017,3.807719424
21/10/2017,5.3441875
22/10/2017,3.464159722
23/10/2017,5.997069086
24/10/2017,3.027910448
25/10/2017,1.311688673
26/10/2017,3.671180556
27/10/2017,4.133194444
28/10/2017,1.915779944
29/10/2017,1.967301115
30/10/2017,2.204750219
31/10/2017,4.196093315
1/11/2017,5.637630465
2/11/2017,1.995695817
3/11/2017,1.83177665
4/11/2017,1.304488304
5/11/2017,1.499488304
6/11/2017,1.121579721
7/11/2017,1.444757644
8/11/2017,1.430418118
9/11/2017,1.993380986
10/11/2017,0.73790132
11/11/2017,2.155677656
12/11/2017,1.330734754
13/11/2017,1.2805
14/11/2017,1.89136965
15/11/2017,1.933183466
16/11/2017,1.975638298
17/11/2017,1.812737509
18/11/2017,3.435304102
19/11/2017,4.028496684
20/11/2017,1.9202914
21/11/2017,1.325325698
22/11/2017,2.128407924
23/11/2017,1.387828241
24/11/2017,0.873013222
25/11/2017,0.957477954
26/11/2017,1.113449235
27/11/2017,1.65848062
28/11/2017,0.589600533
29/11/2017,0.650673453
30/11/2017,0.816371553
1/12/2017,0.859811731
2/12/2017,1.030251518
3/12/2017,1.311606906
4/12/2017,0.731338944
5/12/2017,1.161207865
6/12/2017,0.515688976
7/12/2017,1.943218066
8/12/2017,1.815154565
9/12/2017,2.491255572
10/12/2017,2.922759939
11/12/2017,5.598269525
12/12/2017,4.345365314
13/12/2017,4.33059691
14/12/2017,4.94238806
15/12/2017,5.184423218
16/12/2017,4.878675214
17/12/2017,2.264488473
18/12/2017,2.045923077
19/12/2017,5.017810047
20/12/2017,4.628232323
21/12/2017,4.639956332
22/12/2017,2.579774572
23/12/2017,0.971782178
24/12/2017,1.134635457
25/12/2017,2.959516807
26/12/2017,3.982198582
27/12/2017,1.60642963
28/12/2017,1.414547414
29/12/2017,2.160258981
30/12/2017,1.89403118
31/12/2017,2.165582164
1/1/2018,2.518186275
2/1/2018,2.236908683
3/1/2018,1.850550218
4/1/2018,1.512241256
5/1/2018,2.614668094
6/1/2018,2.176235955
7/1/2018,1.295296581
8/1/2018,1.375821104
9/1/2018,1.361512784
10/1/2018,2.701348315
11/1/2018,1.147697211
12/1/2018,1.479427157
13/1/2018,2.233832086
14/1/2018,4.120601045
15/1/2018,3.182959327
16/1/2018,2.506154446
17/1/2018,2.101211699
18/1/2018,1.904886686
19/1/2018,2.169576271
20/1/2018,1.896807175
21/1/2018,1.395362932
22/1/2018,1.221860987
23/1/2018,0.888597064
5/4/2018,6.898651079
6/4/2018,10.25080556
7/4/2018,11.41463173
8/4/2018,5.52176559
9/4/2018,6.212924901
10/4/2018,3.656014388
11/4/2018,5.148684775
12/4/2018,5.495899931
13/4/2018,4.678243056
14/4/2018,5.2373125
15/4/2018,5.113055556
16/4/2018,4.914027778
17/4/2018,5.694569444
18/4/2018,4.808527778
19/4/2018,5.326680556
20/4/2018,6.699159722
21/4/2018,6.262236111
22/4/2018,5.350131944
23/4/2018,7.414173611
24/4/2018,7.433729167
25/4/2018,7.006708333
26/4/2018,3.533208333
27/4/2018,3.704722222
28/4/2018,5.994722222
29/4/2018,4.790993056
30/4/2018,3.783312413
1/5/2018,6.466840278
2/5/2018,4.224881944
3/5/2018,5.091395833
4/5/2018,5.152284722
5/5/2018,4.854655415
6/5/2018,5.690909722
7/5/2018,6.570890125
8/5/2018,6.659721254
9/5/2018,11.61665972
10/5/2018,6.383472222
11/5/2018,5.590888889
12/5/2018,6.31051049
13/5/2018,7.016666667
14/5/2018,8.056055556
15/5/2018,5.44218902
16/5/2018,5.020069638
17/5/2018,4.237625
18/5/2018,4.450430556
19/5/2018,5.109978541
20/5/2018,3.640035014
21/5/2018,4.583847222
22/5/2018,6.259541667
23/5/2018,3.853093842
24/5/2018,3.400854167
25/5/2018,2.116736111
26/5/2018,4.844270833
27/5/2018,2.675722222
28/5/2018,3.536145833
29/5/2018,3.836138889
30/5/2018,4.427125
31/5/2018,5.492364395
1/6/2018,7.278138889
2/6/2018,3.710896456
3/6/2018,6.930930556
4/6/2018,6.135571031
5/6/2018,6.304517026
6/6/2018,7.01580959
7/6/2018,7.652263889
8/6/2018,5.953703961
9/6/2018,5.594875
10/6/2018,9.744736111
11/6/2018,8.749661017
12/6/2018,8.643917963
13/6/2018,14.14629167
14/6/2018,12.90791522
15/6/2018,13.39308333
16/6/2018,13.35225156
17/6/2018,4.50267254
18/6/2018,4.159187228
19/6/2018,6.648421053
20/6/2018,7.348506944
21/6/2018,3.443041667
22/6/2018,3.946277778
23/6/2018,5.031684137
24/6/2018,2.833383513
25/6/2018,2.193915194
26/6/2018,1.698948148
27/6/2018,3.173513889
28/6/2018,3.087847222
29/6/2018,6.289858657
30/6/2018,2.728965996
1/7/2018,6.355098177
2/7/2018,4.367394024
3/7/2018,4.665380321
4/7/2018,4.3284375
5/7/2018,4.957883008
6/7/2018,6.751599444
7/7/2018,9.675305981
8/7/2018,6.827159722
9/7/2018,3.964277778
10/7/2018,4.25597629
11/7/2018,4.273870744
12/7/2018,5.744506944
13/7/2018,8.503820459
14/7/2018,11.70234722
15/7/2018,11.65375694
16/7/2018,12.18586111
17/7/2018,13.72850871
18/7/2018,9.234037526
19/7/2018,11.11774306
20/7/2018,11.42913194
21/7/2018,3.193833333
22/7/2018,6.696316887
23/7/2018,7.539243056
24/7/2018,5.667055556
25/7/2018,5.844482279
26/7/2018,5.973854167
27/7/2018,3.799722222
28/7/2018,3.348340278
29/7/2018,2.421125782
30/7/2018,2.748485059
31/7/2018,1.894097222
1/8/2018,2.458314691
2/8/2018,3.22218663
3/8/2018,6.120489083
7/8/2018,6.502632275
8/8/2018,5.970034771
9/8/2018,4.774534722
10/8/2018,4.186159722
11/8/2018,7.285055556
12/8/2018,8.9699375
13/8/2018,10.70030556
14/8/2018,10.82975
15/8/2018,15.21486397
16/8/2018,27.87531323
17/8/2018,18.29448611
18/8/2018,10.91390278
19/8/2018,7.144715278
20/8/2018,6.780576389
21/8/2018,8.454631944
22/8/2018,3.142776224
23/8/2018,2.452508711
24/8/2018,3.223888889
25/8/2018,6.223944444
26/8/2018,5.643784722
27/8/2018,7.588847222
28/8/2018,6.881659722
29/8/2018,3.386256944
30/8/2018,4.621722222
31/8/2018,7.338840278
1/9/2018,4.614791667
2/9/2018,2.67359944
3/9/2018,2.365750708
4/9/2018,2.488686441
5/9/2018,1.970476529
6/9/2018,2.104054834
7/9/2018,2.409833333
8/9/2018,2.056185785
9/9/2018,1.90007874
10/9/2018,3.086201389
11/9/2018,2.360868056
12/9/2018,7.266847222
13/9/2018,3.835097222
14/9/2018,2.182520833
15/9/2018,3.760756944
16/9/2018,4.5624375
17/9/2018,4.303344948
18/9/2018,3.846568006
19/9/2018,7.720104312
20/9/2018,6.046215278
21/9/2018,3.749281093
22/9/2018,7.7625
1/10/2018,8.163171091
2/10/2018,9.667734538
3/10/2018,4.268972222
4/10/2018,6.770925539
5/10/2018,8.663409722
6/10/2018,3.443368056
7/10/2018,1.861645833
8/10/2018,1.952819444
9/10/2018,2.624541667
10/10/2018,4.2199375
11/10/2018,4.881215278
12/10/2018,7.157590278
13/10/2018,3.971243056
14/10/2018,3.204083333
15/10/2018,2.034694444
16/10/2018,3.764076389
17/10/2018,2.428304378
18/10/2018,2.202152778
19/10/2018,1.460743056
20/10/2018,1.349513889
21/10/2018,2.712069444
22/10/2018,4.381645833
23/10/2018,4.861416667
24/10/2018,3.646111111
25/10/2018,2.902701389
26/10/2018,3.429583333
27/10/2018,3.410923611
28/10/2018,2.151201389
29/10/2018,3.823520833
30/10/2018,4.996743056
31/10/2018,4.073611111
1/11/2018,4.098284722
2/11/2018,3.739118056
3/11/2018,0.891590278
4/11/2018,1.2360625
5/11/2018,1.157429775
6/11/2018,6.239512195
7/11/2018,7.263869839
8/11/2018,2.876121643
9/11/2018,2.872121212
13/11/2018,1.635798319
14/11/2018,5.626842105
19/11/2018,6.829182825
20/11/2018,5.384750181
21/11/2018,3.836756955
22/11/2018,3.052842252
23/11/2018,10.9772803
24/11/2018,11.40136111
25/11/2018,11.83131837
26/11/2018,16.16577778
27/11/2018,12.6462726
28/11/2018,9.236762153
17/2/2019,4.046594465
18/2/2019,4.287590782
19/2/2019,3.950257634
20/2/2019,4.59524812
21/2/2019,4.45916826
22/2/2019,4.894035813
23/2/2019,5.176670823
24/2/2019,4.634660767
25/2/2019,3.725932063
26/2/2019,4.844879357
27/2/2019,8.169811828
28/2/2019,8.436705607
1/3/2019,11.94379058
2/3/2019,39.48581569
3/3/2019,17.85624831
4/3/2019,38.86013062
5/3/2019,33.32436416
6/3/2019,24.91856155
7/3/2019,19.91184343
8/3/2019,11.49222064
9/3/2019,8.925601023
10/3/2019,6.381308962
11/3/2019,8.670315375
12/3/2019,8.65444795
13/3/2019,14.39664748
14/3/2019,11.45831241
15/3/2019,21.92930288
16/3/2019,51.79859897
17/3/2019,25.83961386
18/3/2019,26.24806575
19/3/2019,21.35849138
20/3/2019,5.328480356
21/3/2019,8.062659668
22/3/2019,30.65231884
23/3/2019,53.47523611
24/3/2019,25.13529517
25/3/2019,5.452741935
26/3/2019,6.699847434
27/3/2019,10.22488889
28/3/2019,24.17895906
29/3/2019,6.807581361
30/3/2019,7.902231969
31/3/2019,7.354146341
2/4/2019,3.855930556
3/4/2019,4.63789434
4/4/2019,9.11055905
5/4/2019,6.2404375
6/4/2019,8.365553236
7/4/2019,5.091541667
8/4/2019,9.563756944
9/4/2019,8.3920625
10/4/2019,9.420163121
11/4/2019,5.563076389
12/4/2019,11.17701389
13/4/2019,11.00595139
14/4/2019,9.853895833
15/4/2019,20.07334722
16/4/2019,3.494034722
17/4/2019,13.78226389
18/4/2019,8.477604167
19/4/2019,17.499
20/4/2019,20.3394375
21/4/2019,20.81520833
22/4/2019,16.16211111
23/4/2019,9.028569444
24/4/2019,14.24096045
25/4/2019,5.443318662
26/4/2019,13.33095842
27/4/2019,14.55100488
28/4/2019,3.894909722
29/4/2019,8.765402778
30/4/2019,3.360461538
1/5/2019,15.36103448
25/7/2019,6.376756757
19/9/2019,35.53459108
20/9/2019,20.66541252
21/9/2019,21.60310672
22/9/2019,26.90982677
23/9/2019,40.69950035
24/9/2019,13.92816924
25/9/2019,5.182635278
26/9/2019,3.105195313
27/9/2019,3.84031614
28/9/2019,4.610558751
29/9/2019,3.850290698
30/9/2019,5.046898839
1/10/2019,5.909576271
2/10/2019,4.140259319
3/10/2019,3.291923077
4/10/2019,2.927362963
5/10/2019,3.684663462
6/10/2019,2.968678571
7/10/2019,2.860120087
8/10/2019,3.506335227
9/10/2019,2.796296296
10/10/2019,2.318550725
11/10/2019,2.634596376
12/10/2019,4.545813953
16/10/2019,2.572352941
17/10/2019,1.292586786
18/10/2019,1.734515738
19/10/2019,1.143021033
20/10/2019,1.438265683
21/10/2019,1.584380322
22/10/2019,2.828012769
23/10/2019,2.466595745
24/10/2019,1.83523871
25/10/2019,2.430942111
26/10/2019,1.758112
27/10/2019,1.761300281
28/10/2019,2.26160804
29/10/2019,2.133524946
30/10/2019,2.56863109
31/10/2019,4.33840188
1/11/2019,1.853648803
2/11/2019,1.386594949
3/11/2019,1.826079812
4/11/2019,3.060562572
5/11/2019,2.582695738
6/11/2019,1.385527523
7/11/2019,1.965672576
8/11/2019,3.01275974
9/11/2019,2.218162584
10/11/2019,2.027639035
11/11/2019,2.768343337
12/11/2019,3.352886497
13/11/2019,2.377238095
14/11/2019,2.196330532
15/11/2019,1.616875
16/11/2019,1.90643797
17/11/2019,2.772197309
18/11/2019,3.249813176
19/11/2019,2.112302093
20/11/2019,3.706302521
21/11/2019,3.307057546
22/11/2019,1.85600321
23/11/2019,2.015590278
24/11/2019,2.530332068
25/11/2019,1.528197329
26/11/2019,2.199347222
27/11/2019,2.242714171
28/11/2019,3.797014925
29/11/2019,4.436196498
30/11/2019,3.269313573
1/12/2019,2.245719585
2/12/2019,4.652573529
3/12/2019,11.19993414
4/12/2019,10.49644416
5/12/2019,13.4220274
6/12/2019,8.150573248
7/12/2019,7.255238095
8/12/2019,10.6369555
9/12/2019,9.667007042
10/12/2019,7.760916667
11/12/2019,6.858170732
12/12/2019,10.66898894
13/12/2019,7.875502915
14/12/2019,6.810938023
15/12/2019,10.43471413
16/12/2019,7.555564738
6/1/2020,3.441084599
7/1/2020,3.891897151
8/1/2020,1.896900709
9/1/2020,2.122911765
10/1/2020,3.367832267
11/1/2020,3.921714891
12/1/2020,4.017042747
13/1/2020,2.62537518
14/1/2020,4.013221668
15/1/2020,3.221228198
16/1/2020,7.43190407
17/1/2020,8.115254597
18/1/2020,5.504172043
19/1/2020,5.966728704
20/1/2020,3.031646796
21/1/2020,2.658485075
22/1/2020,2.723493976
23/1/2020,2.171136024
24/1/2020,2.249215278
25/1/2020,2.539446809
26/1/2020,4.330956036
27/1/2020,2.373263889
28/1/2020,2.852086231
29/1/2020,1.359305556
30/1/2020,1.594915572
31/1/2020,3.608243137
1/2/2020,4.783052709
2/2/2020,4.694324324
25/2/2020,8.788
12/8/2020,2.685099541
13/8/2020,1.823979167
14/8/2020,1.964458333
15/8/2020,2.381284722
16/8/2020,2.774395833
17/8/2020,2.605895833
18/8/2020,2.908151494
19/8/2020,2.4611875
20/8/2020,2.495694444
21/8/2020,3.586986111
22/8/2020,2.268284722
23/8/2020,3.0720625
24/8/2020,2.624083333
25/8/2020,2.221020833
26/8/2020,2.901416667
27/8/2020,3.862319444
28/8/2020,3.268805556
29/8/2020,3.208332175
30/8/2020,2.968861111
31/8/2020,3.121930556
1/9/2020,2.977222222
2/9/2020,2.394256944
3/9/2020,2.033479167
4/9/2020,2.986743056
5/9/2020,2.673333333
6/9/2020,2.370895833
7/9/2020,1.644569444
8/9/2020,2.557597222
9/9/2020,3.021092105
17/9/2020,1.398552632
18/9/2020,1.749375
19/9/2020,2.46495483
20/9/2020,1.246319444
21/9/2020,2.504756944
22/9/2020,3.127576389
23/9/2020,1.751631944
24/9/2020,3.634902778
25/9/2020,5.181013889
26/9/2020,1.877854167
27/9/2020,2.605520833
28/9/2020,2.544388889
29/9/2020,3.888222222
30/9/2020,1.806965278
1/10/2020,2.7101875
2/10/2020,19.05454482
3/10/2020,35.52850694
4/10/2020,32.95875694
5/10/2020,47.54279907
2/1/2024,12.39383333
8/1/2024,27.76247619
11/1/2024,21.20628713
23/4/2025,8.217375
24/4/2025,8.912387097
25/4/2025,11.52393352
26/4/2025,11.18273908
27/4/2025,5.762381944
28/4/2025,9.865472222
29/4/2025,10.21382308
30/4/2025,11.4002959
1/5/2025,14.48435688
2/5/2025,10.94233333
3/5/2025,7.62181616
4/5/2025,6.032220367
5/5/2025,6.719111111
6/5/2025,11.97252525
7/5/2025,14.54381356
8/5/2025,16.33806944
9/5/2025,9.681478455
10/5/2025,14.44698611
11/5/2025,13.06303258
12/5/2025,8.355027322
13/5/2025,11.26634722
14/5/2025,10.78089676
15/5/2025,11.85866242
16/5/2025,11.22712752
17/5/2025,9.692048823
18/5/2025,9.088493056
19/5/2025,13.00731944
20/5/2025,14.62085176
21/5/2025,9.906058872
22/5/2025,8.892555556
23/5/2025,5.541862263
24/5/2025,8.095597222
25/5/2025,5.450044326
26/5/2025,4.63815309
27/5/2025,5.900540541
28/5/2025,6.868229599
29/5/2025,5.161284091
3/6/2025,11.88559415
4/6/2025,8.793083333
5/6/2025,12.36532904
6/6/2025,13.52713889
7/6/2025,19.00253629
8/6/2025,8.136493711
9/6/2025,7.440800278
10/6/2025,7.405970288
11/6/2025,7.405367273
12/6/2025,12.40782166
13/6/2025,14.5573207
14/6/2025,17.84915525
15/6/2025,13.07881944
16/6/2025,18.57343082
17/6/2025,12.66082798
18/6/2025,8.713902778
19/6/2025,5.420917768
20/6/2025,2.815
21/6/2025,12.94223611
22/6/2025,7.337836538
23/6/2025,15.92531712
24/6/2025,12.32866719
25/6/2025,12.95922882
26/6/2025,16.00491957
27/6/2025,18.29770944
28/6/2025,17.85024862
29/6/2025,13.1489048
30/6/2025,25.924375
1/7/2025,16.39260638
2/7/2025,15.09394847
3/7/2025,5.345222222
4/7/2025,12.27181165
5/7/2025,16.2670761
6/7/2025,9.217285933
7/7/2025,13.57508937
8/7/2025,6.31812452
9/7/2025,15.505875
10/7/2025,11.98246334
11/7/2025,14.99643646
12/7/2025,13.43086914
13/7/2025,7.823444444
14/7/2025,11.93571214
15/7/2025,9.436861111
16/7/2025,5.245
17/7/2025,10.27594265
18/7/2025,17.64751058
19/7/2025,26.25548611
20/7/2025,27.15317472
21/7/2025,18.37138696
22/7/2025,20.63669614
23/7/2025,27.65312331
24/7/2025,25.46643229
25/7/2025,16.84918129
26/7/2025,20.35219731
28/7/2025,11.25930652
29/7/2025,21.39370956
30/7/2025,11.16800944
31/7/2025,16.06273549
1/8/2025,21.8632871
2/8/2025,16.66651594
3/8/2025,18.8
4/8/2025,8.154333333
5/8/2025,4.84290401
6/8/2025,9.129472503
7/8/2025,9.323620813
8/8/2025,21.05187751
9/8/2025,10.81978112
10/8/2025,10.25719916
11/8/2025,6.260547476
12/8/2025,6.642037471
13/8/2025,8.883586041
14/8/2025,8.015652504
15/8/2025,7.296208333
16/8/2025,9.804464516
17/8/2025,17.17559197
18/8/2025,12.79606648
19/8/2025,8.924951311
20/8/2025,19.65504144
21/8/2025,10.76026027
22/8/2025,9.692179386
23/8/2025,15.41231623
24/8/2025,3.667592339
25/8/2025,7.732270498
26/8/2025,10.34437216
27/8/2025,12.50794444
28/8/2025,7.38804
29/8/2025,5.674177419
30/8/2025,9.20401662
31/8/2025,8.334930394
1/9/2025,5.820865562
2/9/2025,4.672617729
3/9/2025,4.109878893
4/9/2025,4.463467406
5/9/2025,5.358891967
21/9/2025,4.595447284
22/9/2025,15.43412316
23/9/2025,16.29013503
24/9/2025,18.72806071
25/9/2025,14.10279167
26/9/2025,13.64588496
27/9/2025,9.983152778
28/9/2025,9.301090147
29/9/2025,12.60466488
30/9/2025,3.375984556
1/10/2025,7.011909651
2/10/2025,7.201963602
3/10/2025,13.68561111
4/10/2025,3.590630942
5/10/2025,5.879783951
6/10/2025,4.865472973
7/10/2025,6.741145833
8/10/2025,7.442305556
9/10/2025,8.513763889
10/10/2025,3.283708333
11/10/2025,4.086995885
12/10/2025,9.182746988
13/10/2025,10.76763285
14/10/2025,9.686210191
15/10/2025,13.3332021
16/10/2025,12.5410957
17/10/2025,2.856123288
18/10/2025,7.120752533
19/10/2025,9.109506259
20/10/2025,12.63754167
21/10/2025,5.445736111
22/10/2025,5.966584116
23/10/2025,9.91359633
24/10/2025,9.871718593
25/10/2025,5.081297405
26/10/2025,5.308694444
27/10/2025,11.94573611
28/10/2025,9.042021978
29/10/2025,11.23134722
30/10/2025,12.75570259
31/10/2025,9.73092579
1/11/2025,15.37516367
2/11/2025,6.961710914
3/11/2025,3.564279113
4/11/2025,5.379208333
5/11/2025,13.56736181
6/11/2025,12.46279234
7/11/2025,6.596071429
8/11/2025,4.659053926
9/11/2025,6.015890937
10/11/2025,12.23794444
11/11/2025,12.34409722
12/11/2025,28.86801389
13/11/2025,11.42323223
14/11/2025,10.40473611
15/11/2025,8.669888889
16/11/2025,10.41548611
17/11/2025,10.78756944
18/11/2025,10.63277393
19/11/2025,4.359013981
20/11/2025,6.51298151
21/11/2025,2.367
22/11/2025,9.520401662
23/11/2025,15.03028789
24/11/2025,20.27438889
25/11/2025,13.86018149
26/11/2025,27.42522222
27/11/2025,20.29819444
28/11/2025,16.01346154
29/11/2025,8.774722222
30/11/2025,13.68756944
1/12/2025,21.04801462
2/12/2025,20.88486081
3/12/2025,29.84283333
4/12/2025,27.956
5/12/2025,19.30272222
6/12/2025,16.1561171
7/12/2025,12.36033511
8/12/2025,9.760130641
14/12/2025,18.35220833
15/12/2025,21.13706944
16/12/2025,16.69036111
17/12/2025,17.01420833
18/12/2025,15.16602089
19/12/2025,13.0877509
20/12/2025,9.873503376
21/12/2025,16.40157967
22/12/2025,19.10793056
23/12/2025,21.05818056
24/12/2025,17.07454167
25/12/2025,9.822847222
26/12/2025,6.172833333
27/12/2025,21.04969444
28/12/2025,14.69213889
29/12/2025,13.7764
30/12/2025,12.74461111
31/12/2025,17.33429167
,
,
,
,
,
,
,
,
,
,
,
,
,
,
,
,
,
,
,
,
,
,
,
,
,
,
,
,
,
,
,
,
,
,
,
,
,
,
,
,
,
,
,
,
,
,
,
,
,
,
,
,
,
,
,
,
,
,
,
,
,
,
,
,
,
,
,
,
,
,
,
,
,
,
,
,
,
,
,
,
,
,
,
,
,
,
,
,
,
,
,
,
,
,
,
,
,
,
,
,
,
,
,
,
,
,
,
,
,
,
,
